sepal length,sepal width,petal length,petal width,species
5.22213732230387,3.4381663247439453,1.6896551198881222,0.8811196581380176,0
4.8952834273915276,3.395290769643338,2.106245441282672,0.5432072445360088,0
4.790044671870895,3.7426402278666933,1.1927533073790437,-0.008280677625463917,0
5.108208817442383,2.644355062587547,0.6285932941798523,-0.05146262765664311,0
4.547048153040992,3.6405356794862036,0.9939192883856338,-0.43160141621205445,0
5.655458055689495,3.3990297688807374,1.4301995312161435,-0.43716675903856356,0
4.75654464443703,3.549606090166316,0.8852600238436127,0.3680172616065771,0
4.7313862118850265,3.3695505893700837,1.1309086225087923,1.0283639867603764,0
4.993963857595678,3.026977292462031,1.767853267601864,-0.34597787824683296,0
5.093406639291124,2.6236088779058777,0.8060171415792499,0.28803902110759605,0
5.330252294396304,3.5766382251856146,1.3482805158197604,0.06534233367718933,0
4.338784864662029,3.1780758833639813,1.1939960790123918,0.6727594316702812,0
5.153670770757457,2.711544473109427,1.5449347571969445,0.027785968811696066,0
4.697271278370149,3.7735499524145952,1.861077003414154,0.6164811304875844,0
4.624690514033034,3.361716021622494,1.5481455102156414,0.6362770438728538,0
4.785706766222256,3.4169707815093315,0.9052319584474116,-0.3349598653159834,0
5.363372594469469,4.1065289795381235,1.3677960946156698,0.6487935554687843,0
5.161728547023865,3.211493675014992,1.5616210281373022,0.8878308628996561,0
4.983978108237117,4.199729914992781,0.2284143727066137,0.5675659741320638,0
5.038928632364523,3.3662798477172435,1.44103666680031,-0.6888678406026141,0
4.901759745209922,3.659705597104004,2.060934309516829,-0.031777487754705847,0
4.638430668911423,3.2756074284711305,1.80938027238582,0.3470219657755085,0
4.763084034520552,3.729540174215658,1.4434143998862616,0.6331912089792361,0
4.686032311655239,3.3534650333107776,1.2246439030129197,-0.4545037820220991,0
5.132429013806493,3.6167474668957884,1.402286807330508,0.09508944462527238,0
4.367026961482191,3.3118816927758634,1.2467334088340336,-0.1587893021564879,0
4.927870836983074,3.6806970364408684,2.2435279786616897,0.2780735713710454,0
5.115180036257547,3.4667067743399254,0.5418994258642917,0.18814263442971768,0
5.026935768745444,4.601595361711457,1.3139735613063934,0.3348560711784715,0
4.984476424663952,2.977351292814334,1.9110858998986437,0.5362746751230396,0
5.353760241192453,3.0933095666386894,2.027348687540619,-0.42692685414677317,0
5.262450470963075,4.479601536201591,0.9570186885649894,-0.05325604377911858,0
5.044565445277323,3.2748388424760013,0.7065222315826135,0.23066229448117653,0
4.52492333667159,3.711796973705924,0.9888209824185052,0.8931517380569818,0
4.649718478947132,3.355969711365492,1.7638159597810108,-0.350459256525027,0
5.101723175186498,4.084572010974362,0.6811116429659712,0.28257077172526235,0
5.116223118824413,3.8496418175316336,0.8468188251319839,-0.39052614963911597,0
5.23341936420041,3.632815583524993,1.5120238082502122,0.35493634942366514,0
4.695883699234026,3.603867010975531,1.5310659945259686,-0.1194676661060654,0
5.834399727521223,3.7119045242272075,0.8672328796843294,0.4936196999556072,0
4.564109105789735,3.8519949356023218,1.9181396946182567,-0.1670202903533095,0
5.4308349025781855,3.6846012424890766,1.7676364798684063,1.048271609691761,0
4.890259098349396,3.16291893987934,1.0021970536780753,-0.16484145078523893,0
4.965519067313726,3.6525678012696625,1.523739887210135,0.5699275949387373,0
5.005814622815021,4.150040200827237,1.2816418660340207,1.4164966333586675,0
5.279806944180911,3.1166674872851163,0.9210823155481582,0.4157682235504536,0
4.900064404313991,3.819310728151671,1.611638299611394,0.16742992011436755,0
4.621302336695851,2.8225397260151017,1.200312442841616,0.582993183991229,0
5.0957456330865165,2.942888681718485,1.4774488645219186,0.3723191707971557,0
4.604726938047117,3.5687479573485117,1.4260317302656802,-0.3111518564424907,0
6.160007371845795,3.050790464337879,4.984355240571115,1.9712746046357628,1
5.383887528545754,2.380591891949666,4.730330773657666,1.7297720624248138,1
6.230336327646862,4.52299390243161,4.755309997923899,2.007840392871377,1
6.426642558765096,3.0913110235736823,4.359007307553835,1.8394213539705944,1
5.654382057113626,2.69409149939851,4.282938822650731,1.536615228253422,1
7.035146779956839,1.964933619469123,4.806904887185872,0.7787715367254289,1
5.788945653469304,3.2869935117916014,4.528746898458488,1.0180178828309314,1
5.680106456307393,3.1039253527947537,4.173370112596586,1.5968032241238048,1
6.020380346376933,2.50859546571818,5.458800944738062,1.7834972052266558,1
5.094328702420766,2.8833849045045166,4.204040095637723,1.8812197765782388,1
5.64557395105723,2.7486883034767176,4.725837176714591,1.8871774932075842,1
5.463211128134906,2.6504064996203898,4.287597999729862,1.207822284855482,1
6.789535138486756,2.9811133270705734,3.93611555327362,1.9104803415149585,1
6.949057103078537,3.2617325013998792,3.820517094631057,1.283443939209895,1
6.566579890206733,2.483520593855091,4.69848208221401,1.8464268802308403,1
5.585464091027094,2.773379451492187,3.0504611788711253,1.041879919733171,1
5.887048088906687,2.2419743967891215,5.230036528566041,0.8604213322889612,1
5.803206122924308,2.8584689636458527,5.144557009701308,0.8578629247287387,1
6.520182643756441,2.80457636401154,4.0610559871505325,1.7066589562182997,1
6.089022202176539,2.5315748522860586,4.53121644140178,1.327682520952431,1
6.050766500121421,3.0961138396433694,5.209288282871759,0.9464320802040709,1
6.953921524801438,1.9269997964439407,4.4321196419058335,1.7631034532064587,1
6.125663383476033,2.5215203088249347,4.406924900114181,1.2795232794263836,1
5.7364280679860205,3.179953608553076,4.659662179127594,1.1901214085470622,1
6.402313294803818,2.9374285236266426,4.863522990811686,1.7815785782271334,1
5.629262160514013,2.5494794228826065,4.834199860041299,1.7729658809907636,1
5.990652523011613,2.852470400940122,5.071389111889621,1.2354412322038248,1
6.244669386921664,2.709576696921365,4.4026500064319976,1.9913879466293163,1
6.369137413215385,3.1638125692897074,5.083827871196483,1.509393203535898,1
6.3049786402547,2.66124448821973,4.644971600036463,1.4417982567268812,1
6.043377914253382,3.066162313232702,4.134080586338727,2.435744036737656,1
5.5500953496840655,2.256998344860092,5.017922927725563,1.8540423197903473,1
6.27911486740667,3.081004654414331,4.49452307668186,1.0987356464497664,1
6.033900829025102,2.497164076259763,4.936086802024713,1.4342339396736197,1
5.630826430547285,2.6562718822115845,4.6846685603616285,1.2478947158689286,1
5.6322918606053385,2.9089802340286566,4.609552381042828,1.2732881198281114,1
5.789345265726221,2.9037758868212484,3.8523969950517927,0.8705630649251191,1
5.678701976647531,2.7045435318337194,4.639042090279222,2.159799358425225,1
6.383557043807314,2.728473314956078,4.491495693291064,1.0516552382460371,1
5.991720673888864,2.6709079322164007,4.644324127703367,1.130051075425143,1
6.232258821944165,3.48546168024658,4.4513609829615,1.6796509435943476,1
6.308641775945819,2.620568750179745,4.600217204514945,1.505631492829603,1
6.043682079226431,2.4542995152053515,4.510961283156672,1.7227116063807129,1
6.648971150428801,3.22899895519178,5.462932468591179,1.1568317374027053,1
6.390113648376667,2.881993037592422,5.479309643200629,1.1385180175698717,1
5.624464975738487,2.5319434599147472,3.5501649566644238,1.2648752064019886,1
5.660505552965118,2.8672581459908777,4.6528379187109,2.3390491067779102,1
6.425042461924054,2.542000841894147,4.098216744576388,1.7199929413847848,1
5.409573760589859,3.619053259687641,5.027461657064671,1.2901782697012176,1
5.233862947670142,3.4054701322985785,4.448776223976568,2.0535682834461495,1
5.786950273945991,2.7319513409319733,5.5023450538046905,2.0210103602562532,2
6.298724602289384,3.2785469577020305,5.022545629146601,1.936325958578195,2
6.553797841980817,3.230064040644219,5.818243848241397,1.4970447664585926,2
5.813923285797886,3.571394445408192,5.648615344132409,1.665266644803233,2
7.19369625214029,3.051731269110252,6.02739773384816,2.030195182834112,2
7.4215944889055505,3.7850122894769505,5.388659848008088,2.4344997382596105,2
6.788620898863173,3.612070639758749,5.06847310981171,2.3068115401238978,2
6.973341820329202,2.2134677907289695,4.970830706144806,1.0880276457246962,2
6.379517600915787,3.320894652137663,6.171874498992582,2.0331361931593075,2
7.228339013822063,2.3827998647169837,4.738224214784492,1.975158313854694,2
6.671759290327453,2.9853784641508754,4.575411784953183,1.9601443066983877,2
5.91662350445919,3.2994866683699025,5.66394771974095,1.5796729814188113,2
6.270191728289378,2.526305312473869,5.471969055545773,2.427152631365532,2
6.059169910640323,3.2254164545039608,5.262861583946417,1.6454164899097221,2
6.452134567897067,2.537025558777105,5.252400503509633,1.4642927206854286,2
7.378651790860671,3.0157703398673763,5.187073239707601,2.0956947252442113,2
6.449765369022266,2.9011793908965617,5.774663698162764,2.3387677466291947,2
6.262752674360242,2.7424862542468325,5.376993141568447,0.9705495593611482,2
5.822385957204785,3.611284755740237,6.235651925636254,1.8886276973409224,2
6.757844112458706,3.1391953007133324,6.876917356465084,2.500689121574204,2
6.442793513986191,2.5726693239134697,4.781575365139934,2.090991704149675,2
6.1617496637423335,2.363948804817671,5.210843815685122,1.516317028597805,2
7.2545126767384795,3.394281285641073,5.496434526411164,2.6618511394920974,2
6.5346001590408385,2.6148219955766776,6.181161794988319,2.2410078982872554,2
6.036129417905161,2.9148779554115207,5.10841161261841,1.3815931604590648,2
6.914199191102958,3.8539170810920975,4.874541566762689,2.251767496496257,2
6.209023797277698,2.7821509056672933,5.235073383188806,1.6136115814127134,2
6.521699531692717,2.6283878107587113,5.620951969484508,1.977532834442131,2
6.39313918482318,2.5941251915532684,5.242060019475241,2.3378212261106572,2
6.724016976525227,2.5628240041737986,5.544422757460304,2.336030537055468,2
5.753419261883093,3.2429980652857795,5.2036656462981306,2.255179482169036,2
6.158660128304356,2.1928321863083036,4.772140894525504,2.0215042418858604,2
6.616151433827108,2.5955773106166697,5.785587229548988,1.2569456389573843,2
6.47044821565702,2.4584170910955363,5.208490030553098,2.021197330221334,2
6.115211445295145,2.8280215323955367,5.950027825334543,1.7420061128158602,2
6.873732874167606,2.4947797356676182,5.736935631316393,2.6446890860043344,2
5.394646976300379,2.6436176075641904,5.758074500859219,1.9091953428580362,2
6.665981480485355,2.7298896130201045,5.538724130189332,1.930379023822815,2
7.022248014555236,3.113780460102867,5.650980500357009,1.815803021076757,2
6.281935867344382,2.806554097562241,5.67640436084566,1.811730016682687,2
6.629591255638131,3.928147453265711,5.889578810750522,1.8541978439616236,2
7.0371991970955445,2.8175031451960453,4.5885229985464315,1.5491700963203392,2
5.663356418565754,2.8427983909351693,5.508236949580641,2.7497255580529147,2
6.64620636628843,2.9020152647354456,5.8709214520888,1.0111502283216733,2
6.605370033683865,3.344741395003963,4.838756128768012,2.511502358030185,2
6.651380195459396,2.8142775988567457,5.782988653508564,3.0154847172147785,2
6.581333061824822,3.1110076208764808,5.294567560484513,1.6199380439162558,2
6.8713374659891455,2.6171476741659356,5.532005394263288,1.7863850958148424,2
6.714206290043987,3.149218229787462,5.964001968946401,1.771913732504228,2
6.379308259852133,2.5622835595200955,5.301306013704965,2.1687339100784953,2
